id,prediction
1,A C E
2,B E C
3,B D E
4,E C D
5,C A D
6,D B A
7,E D C
8,B E C
9,C D E
10,B E C
11,A C B
12,D E B
13,C E A
14,C E D
15,E D C
16,A C B
17,E D A
18,B E D
19,A E C
20,D B C
21,B E D
22,D E C
23,D A E
24,E A D
25,C D B
26,E D C
27,E D C
28,C A E
29,B D A
30,A E B
31,E C D
32,C A E
33,D E C
34,C B E
35,A C B
36,C B A
37,C B E
38,C E A
39,B A C
40,C D B
41,A D B
42,E A B
43,B E C
44,A B E
45,D A B
46,B C D
47,D B C
48,A C E
49,B A C
50,C E A
51,D E B
52,A E D
53,C A D
54,C E D
55,B C D
56,B E C
57,B A E
58,A B D
59,A C B
60,C A E
61,C E D
62,A E B
63,A D C
64,C D A
65,E A C
66,E B A
67,C A E
68,B C A
69,E C D
70,C D B
71,C B E
72,D C A
73,A C D
74,D B C
75,C D A
76,A E D
77,C E B
78,D B C
79,D B A
80,C A D
81,B C A
82,B D E
83,D B A
84,B E A
85,E D A
86,B D C
87,B A C
88,E C A
89,E C A
90,C B E
91,B C D
92,B E C
93,C A D
94,D C B
95,E A D
96,B E D
97,D A B
98,B D A
99,C A E
100,B A C
101,E B C
102,D C B
103,E A B
104,C E D
105,E A C
106,C B A
107,A C D
108,D C B
109,E B D
110,E C B
111,D E A
112,D A B
113,E C B
114,E B C
115,B E C
116,A E D
117,C A D
118,A E C
119,C E D
120,B A D
121,C E D
122,D B A
123,C B A
124,A E B
125,D C B
126,D C B
127,C D B
128,B C D
129,B E D
130,D B E
131,E C D
132,B C E
133,D B C
134,D B A
135,C A E
136,C B D
137,B A D
138,E D A
139,E B D
140,B C A
141,C A D
142,C A B
143,D E C
144,E D B
145,D B C
146,B E D
147,C B A
148,A B C
149,B A D
150,E B A
151,B C A
152,B D C
153,A B C
154,E D C
155,D A B
156,D B C
157,C A E
158,D E C
159,C A D
160,B A C
161,C E D
162,D B A
163,E A D
164,C B E
165,A B D
166,E D C
167,A B D
168,D B C
169,B E A
170,A D C
171,A D C
172,C A E
173,C A D
174,D C B
175,D B E
176,E B C
177,C D E
178,A C E
179,C D B
180,A B D
181,E D B
182,C E B
183,B E C
184,B E C
185,C D E
186,E D A
187,D B E
188,E A D
189,C A E
190,E D C
191,D B C
192,C E D
193,C A E
194,E B C
195,D E C
196,B D A
197,B D C
198,B E C
199,A C B
200,C A D
201,E C B
202,A D E
203,B E C
204,D C E
205,B D C
206,C D B
207,A C E
208,D B C
209,B A D
210,A B D
211,B A D
212,A B C
213,C A D
214,C E B
215,C D B
216,C E D
217,B C E
218,C B D
219,A C B
220,D B C
221,B C E
222,D E C
223,E A B
224,B C E
225,A D C
226,C B E
227,D C E
228,C D E
229,B C E
230,A B C
231,D C B
232,D A B
233,C E A
234,A C E
235,A E D
236,B E D
237,A B C
238,A D E
239,B C E
240,D C B
241,E C B
242,A B D
243,D A B
244,E C B
245,A B C
246,B E D
247,A C E
248,E B D
249,E C B
250,D A C
251,A B C
252,B C E
253,C B E
254,D B C
255,A B E
256,C D B
257,B D A
258,C A B
259,C B A
260,D A C
261,E C D
262,A B E
263,B A D
264,C D A
265,A D E
266,A E B
267,D B E
268,D B E
269,B D C
270,B A C
271,C A D
272,C B A
273,D C A
274,A B C
275,E A D
276,B A C
277,E B D
278,D B A
279,B D C
280,D C A
281,D E B
282,B C E
283,A E D
284,B E C
285,E D C
286,A B D
287,B E C
288,E A D
289,E D B
290,B E C
291,B C E
292,C E D
293,D A C
294,D A B
295,A D C
296,C A E
297,D E B
298,D B C
299,C D B
300,E C D
301,B A D
302,C B D
303,B E D
304,C D B
305,E C B
306,B C E
307,B D A
308,C A E
309,E C B
310,A C D
311,C B E
312,C D E
313,C D B
314,A B E
315,C B E
316,B A C
317,A C B
318,D B C
319,C B A
320,B E C
321,B D E
322,C E D
323,A B C
324,A B E
325,E A D
326,E A D
327,D B A
328,B D E
329,C D A
330,B D C
331,A C B
332,C B E
333,B C E
334,E B C
335,B C E
336,B A E
337,E C B
338,D C B
339,D B E
340,C D B
341,E A C
342,B E D
343,D B C
344,A B C
345,C D A
346,C E D
347,D E C
348,A B E
349,B E D
350,A C D
351,D C E
352,B D E
353,D A C
354,E B D
355,B C D
356,D E C
357,D C B
358,B A D
359,C A B
360,E B A
361,D B E
362,B D E
363,C B D
364,B E D
365,C E A
366,E B A
367,E A B
368,C E D
369,B E C
370,D B A
371,D B C
372,C D B
373,B D A
374,E B A
375,E A C
376,B D A
377,C B D
378,A C E
379,C A B
380,E B C
381,E B C
382,D B E
383,C E B
384,B C D
385,A D C
386,A E D
387,B E D
388,B A C
389,D B A
390,E A D
391,B E C
392,C D B
393,C A E
394,B E D
395,A E C
396,A D C
397,C E A
398,E A B
399,E B C
400,E D B
401,D B C
402,D E C
403,A E C
404,B C E
405,C A D
406,B E C
407,B D E
408,C B D
409,C D B
410,A C D
411,E C B
412,C D A
413,C A E
414,C A B
415,E D A
416,C A B
417,B D A
418,D B E
419,A C D
420,E D C
421,A B E
422,D A B
423,A D C
424,B A E
425,C A B
426,C D B
427,C E D
428,C E B
429,D B C
430,C D A
431,C A D
432,B E A
433,D B C
434,C A D
435,C A E
436,D B E
437,E A B
438,A C E
439,D E C
440,C B E
441,E C A
442,D E B
443,E D C
444,B E C
445,B D A
446,B D C
447,C E D
448,E B C
449,B A C
450,E A D
451,D B C
452,B A D
453,A D C
454,B E D
455,A B C
456,B D C
457,D E C
458,B E C
459,A C E
460,A B E
461,A C B
462,D E A
463,D C A
464,E D A
465,E D A
466,D B A
467,D E C
468,E B A
469,C D B
470,A C D
471,C E A
472,A C E
473,C D E
474,E B C
475,A C E
476,E C D
477,A E C
478,B E A
479,B E D
480,B D A
481,A E C
482,D B A
483,A C E
484,D A C
485,C D B
486,B E D
487,A C D
488,E D C
489,B E A
490,B A D
491,C B A
492,D E C
493,D B C
494,D C A
495,A C E
496,A E D
497,C A B
498,B A D
499,E B A
500,C E D
